{
    "overall_time": 0.0032941067501718784,
    "residence_time": 0.0032941067501718784,
    "radicals": [
        "9"
    ]
}