,aminoacid,bondtype,force
0,L4Y,CA-CB,808.7379077333507
1,L4Y,CB-CG,761.7897500430041
2,L4Y,CD-CG,672.9252533865019
3,L4Y,CD-CE,900.7153831724179
4,L4Y,CE-NZ,896.2257669452375
5,L5Y,CA-CB,837.740799586491
6,L5Y,CB-CG,801.6571235691174
7,L5Y,CD-CG,677.4862033162301
8,L5Y,CD-CE,1065.1397922492251
9,L5Y,CE-NZ,943.0788721797772
