,aminoacid,bondtype,force
0,ALA,CA-C,970.9488599750214
1,ARG,CA-C,740.7493058885133
2,ASN,CA-C,996.2526778667005
3,ASP,CA-C,971.7880704051845
4,CYS,CA-C,962.972358586704
5,GLU,CA-C,942.5303126464937
6,GLN,CA-C,919.5399650896615
7,GLY,CA-C,702.461204502957
8,HIS,CA-C,887.8557873486927
9,ILE,CA-C,892.6405584529367
10,LEU,CA-C,927.4964372679472
11,LYS,CA-C,755.0817945532002
12,MET,CA-C,875.5019698707182
13,PHE,CA-C,896.2688387003332
14,HYP,CA-C,882.3450430989087
15,PRO,CA-C,890.7100468424791
16,SER,CA-C,807.4473659829564
17,THR,CA-C,764.9667404779132
18,TRP,CA-C,877.3483766209519
19,TYR,CA-C,911.3352637133329
20,VAL,CA-C,785.881656359879
21,all averaged,CA-C,874.3867921072135
22,ALA,CA-N,977.9389261360158
23,ARG,CA-N,1306.7205583043503
24,ASN,CA-N,1035.6616501647495
25,ASP,CA-N,1121.9682595349166
26,CYS,CA-N,1025.1559329886188
27,GLU,CA-N,1150.9836245653648
28,GLN,CA-N,1114.9791349685333
29,GLY,CA-N,1012.7067173651834
30,HIS,CA-N,1140.4151941348996
31,ILE,CA-N,1246.3154457546514
32,LEU,CA-N,1115.9908083943733
33,LYS,CA-N,1281.67900230547
34,MET,CA-N,1122.099750395276
35,PHE,CA-N,1057.0969983210982
36,HYP,CA-N,983.351109554734
37,PRO,CA-N,979.8880404680045
38,SER,CA-N,1174.4502044204378
39,THR,CA-N,1294.170523813987
40,TRP,CA-N,1107.7071958184263
41,TYR,CA-N,1082.5540753710254
42,VAL,CA-N,1338.8744368933828
43,all averaged,CA-N,1127.1765518892141
