{
    "overall_time": 0.004649353748807778,
    "residence_time": 0.004030184979342736,
    "radicals": [
        "10"
    ]
}