{
    "overall_time": 0.007587817868916374,
    "residence_time": 0.007587817868916374,
    "radicals": [
        "9"
    ]
}