{
    "overall_time": 0.24926402325414704,
    "residence_time": 0.24612496398443065,
    "radicals": [
        "10"
    ]
}