{
    "overall_time": 0.0649996012158335,
    "residence_time": 0.06170549446566161,
    "radicals": [
        "10"
    ]
}