{
    "overall_time": 0.003139059269716374,
    "residence_time": 0.003139059269716374,
    "radicals": [
        "9"
    ]
}