{
    "overall_time": 0.0006191687694650418,
    "residence_time": 0.0006191687694650418,
    "radicals": [
        "9"
    ]
}