{"atom_q": [-0.3662000000476837, 0.11230000108480453, 0.11230000108480453, 0.11230000108480453, 0.5971999764442444, -0.5679000020027161, -0.14380000531673431, 0.08229999989271164, 0.03370000049471855, -0.18250000476837158, 0.06030000001192093, 0.06030000001192093, 0.06030000001192093, 0.5972999930381775, -0.5679000020027161, -0.4156999886035919, 0.2718999981880188, -0.14900000393390656, 0.09759999811649323, 0.09759999811649323, 0.09759999811649323], "atom_sigma": [0.3399670124053955, 0.26495298743247986, 0.26495298743247986, 0.26495298743247986, 0.3399670124053955, 0.295991986989975, 0.32499998807907104, 0.2471349984407425, 0.3399670124053955, 0.3399670124053955, 0.26495298743247986, 0.26495298743247986, 0.26495298743247986, 0.3399670124053955, 0.295991986989975, 0.32499998807907104, 0.10690800100564957, 0.3399670124053955, 0.2471349984407425, 0.2471349984407425, 0.2471349984407425], "atoms_epsilon": [0.4577299952507019, 0.06568879634141922, 0.06568879634141922, 0.06568879634141922, 0.359824001789093, 0.8786399960517883, 0.7112799882888794, 0.06568879634141922, 0.4577299952507019, 0.4577299952507019, 0.06568879634141922, 0.06568879634141922, 0.06568879634141922, 0.359824001789093, 0.8786399960517883, 0.7112799882888794, 0.06568879634141922, 0.4577299952507019, 0.06568879634141922, 0.06568879634141922, 0.06568879634141922], "atom_idxs": [1, 2, 3, 4, 5, 6, 7, 8, 9, 10, 11, 12, 13, 14, 15, 16, 17, 18, 19, 20, 21], "bond_eq": [0.10933312028646469, 0.10936786979436874, 0.10939933359622955, 0.15287739038467407, 0.12167561054229736, 0.13842782378196716, 0.1388416737318039, 0.15302126109600067, 0.15033800899982452, 0.10913703590631485, 0.10909987986087799, 0.10908062756061554, 0.12112374603748322, 0.1344061940908432, 0.10093972831964493, 0.1432485282421112, 0.10899888724088669, 0.10901857912540436, 0.10899678617715836, 0.10980232805013657], "bond_k": [315281.03125, 316470.375, 314117.25, 160024.890625, 307960.875, 135396.53125, 144559.03125, 166607.25, 156133.4375, 313210.6875, 314276.9375, 312623.03125, 472132.15625, 319948.78125, 424572.5625, 254524.609375, 312269.9375, 312647.1875, 314932.90625, 301071.375], "bond_idxs": [[1, 2], [1, 3], [1, 4], [1, 5], [5, 6], [5, 7], [7, 9], [9, 10], [9, 14], [10, 11], [10, 12], [10, 13], [14, 15], [14, 16], [16, 17], [16, 18], [18, 19], [18, 20], [18, 21], [8, 9]], "angle_eq": [131.57278442382812, 117.81554412841797, 103.36382293701172, 103.22764587402344, 105.66595458984375, 103.34970092773438, 105.46427154541016, 105.48456573486328, 108.33259582519531, 125.72283172607422, 108.88260650634766, 109.1211929321289, 98.52725219726562, 110.90967559814453, 108.72412109375, 105.4189682006836, 105.31832885742188, 105.49131774902344, 127.97785949707031, 119.3290786743164, 107.2426986694336, 104.2568130493164, 104.21832275390625, 104.22634887695312, 107.1568603515625, 105.09025573730469, 129.69200134277344, 105.99793243408203, 106.0483627319336, 105.93960571289062, 101.44210052490234, 104.7587890625, 104.71888732910156, 104.76215362548828], "angle_k": [0.0782741978764534, 0.05454162880778313, 0.09462089836597443, 0.09425471723079681, 0.10950461030006409, 0.09305692464113235, 0.10668613761663437, 0.10639328509569168, 0.0638049840927124, 0.061663247644901276, 0.06595579534769058, 0.07494936883449554, 0.08369743078947067, 0.10585841536521912, 0.08080361038446426, 0.11706157773733139, 0.11587546020746231, 0.11704602092504501, 0.11721939593553543, 0.1239137127995491, 0.1187933012843132, 0.09663686156272888, 0.09656216949224472, 0.09609028697013855, 0.09642110019922256, 0.1147366315126419, 0.20926794409751892, 0.13735762238502502, 0.13615885376930237, 0.13677150011062622, 0.08575662225484848, 0.09767711907625198, 0.09837639331817627, 0.09780494123697281], "angle_idxs": [[1, 5, 6], [1, 5, 7], [2, 1, 3], [2, 1, 4], [2, 1, 5], [3, 1, 4], [3, 1, 5], [4, 1, 5], [5, 7, 9], [6, 5, 7], [7, 9, 8], [7, 9, 10], [7, 9, 14], [8, 9, 10], [8, 9, 14], [9, 10, 11], [9, 10, 12], [9, 10, 13], [9, 14, 15], [9, 14, 16], [10, 9, 14], [11, 10, 12], [11, 10, 13], [12, 10, 13], [14, 16, 17], [14, 16, 18], [15, 14, 16], [16, 18, 19], [16, 18, 20], [16, 18, 21], [17, 16, 18], [19, 18, 20], [19, 18, 21], [20, 18, 21]], "proper_ns": [[1, 2, 3, 4, 5, 6], [1, 2, 3, 4, 5, 6], [1, 2, 3, 4, 5, 6], [1, 2, 3, 4, 5, 6], [1, 2, 3, 4, 5, 6], [1, 2, 3, 4, 5, 6], [1, 2, 3, 4, 5, 6], [1, 2, 3, 4, 5, 6], [1, 2, 3, 4, 5, 6], [1, 2, 3, 4, 5, 6], [1, 2, 3, 4, 5, 6], [1, 2, 3, 4, 5, 6], [1, 2, 3, 4, 5, 6], [1, 2, 3, 4, 5, 6], [1, 2, 3, 4, 5, 6], [1, 2, 3, 4, 5, 6], [1, 2, 3, 4, 5, 6], [1, 2, 3, 4, 5, 6], [1, 2, 3, 4, 5, 6], [1, 2, 3, 4, 5, 6], [1, 2, 3, 4, 5, 6], [1, 2, 3, 4, 5, 6], [1, 2, 3, 4, 5, 6]], "proper_phases": [[0.0, 180.0, 0.0, 0.0, 0.0, 180.0], [0.0, 180.0, 180.0, 180.0, 0.0, 180.0], [0.0, 180.0, 180.0, 180.0, 0.0, 180.0], [0.0, 180.0, 180.0, 180.0, 0.0, 180.0], [180.0, 180.0, 0.0, 0.0, 0.0, 0.0], [0.0, 180.0, 180.0, 0.0, 0.0, 180.0], [0.0, 180.0, 0.0, 0.0, 0.0, 180.0], [0.0, 0.0, 0.0, 0.0, 0.0, 180.0], [0.0, 0.0, 0.0, 0.0, 0.0, 180.0], [0.0, 0.0, 0.0, 0.0, 0.0, 180.0], [180.0, 180.0, 0.0, 180.0, 0.0, 180.0], [0.0, 180.0, 0.0, 0.0, 0.0, 180.0], [0.0, 180.0, 0.0, 0.0, 0.0, 180.0], [0.0, 180.0, 0.0, 0.0, 0.0, 180.0], [0.0, 0.0, 0.0, 0.0, 0.0, 180.0], [0.0, 180.0, 0.0, 0.0, 0.0, 180.0], [0.0, 180.0, 0.0, 0.0, 0.0, 180.0], [0.0, 180.0, 0.0, 180.0, 0.0, 180.0], [0.0, 180.0, 0.0, 0.0, 0.0, 180.0], [0.0, 180.0, 0.0, 0.0, 0.0, 180.0], [0.0, 180.0, 0.0, 0.0, 0.0, 180.0], [0.0, 180.0, 0.0, 180.0, 0.0, 180.0], [0.0, 180.0, 180.0, 180.0, 0.0, 0.0]],